NO,STRESS,EFFICACY,DiasasterReadiness,PerReadiness,SelfProtection,EmergencyResponse,ClinicalManage,ProblemCope,EmotionCope,DisCope,ComSatisfaction,ComFatigue,BURNOUT,SECONDTRAMA
1,14,31,120,48,33,18,21,18,30,36,30,60,30,30
2,11,33,166,79,38,19,30,22,27,24,31,42,26,16
3,27,20,126,51,33,19,23,12,22,25,30,60,29,31
4,19,40,139,72,30,13,24,23,32,32,46,38,19,19
5,14,31,163,64,42,23,34,22,32,28,46,41,21,20
6,28,30,120,48,33,18,21,18,30,36,30,60,30,30
7,31,20,180,73,50,26,31,15,25,32,41,71,32,39
8,28,25,129,57,37,14,21,19,27,27,27,52,29,23
9,15,30,120,54,27,13,26,18,26,28,32,47,24,23
10,20,29,113,49,28,14,22,18,29,30,30,51,26,25
11,23,29,120,48,29,17,26,13,20,22,13,50,35,15
12,31,24,143,64,34,17,28,18,30,31,35,45,22,23
13,24,21,164,64,46,24,30,17,23,24,28,52,26,26
14,16,24,141,56,38,19,28,23,26,31,36,55,29,26
15,28,30,159,64,43,24,28,18,30,36,40,70,30,40
16,32,25,100,32,33,12,23,19,30,25,39,53,28,25
17,31,23,114,49,27,15,23,16,25,23,34,55,28,27
18,28,25,103,44,23,16,20,17,30,30,21,62,34,28
19,25,22,99,42,23,13,21,19,34,32,24,56,33,23
20,29,20,160,64,44,24,28,18,23,26,37,67,32,35
21,26,20,126,48,34,18,26,18,25,29,29,63,32,31
22,32,28,89,53,11,6,19,19,33,27,39,59,29,30
23,18,35,134,58,25,24,27,23,35,30,38,47,24,23
24,26,30,160,64,44,24,28,20,26,32,40,65,28,37
25,28,20,120,48,33,18,21,12,20,24,30,60,30,30
26,10,32,167,69,43,22,33,22,33,23,41,36,19,17
27,10,32,145,64,29,21,31,23,28,26,38,40,20,20
28,23,19,124,45,29,22,28,16,26,30,20,56,36,20
29,25,21,108,48,26,15,19,17,23,27,30,60,30,30
30,18,24,130,59,24,17,30,24,33,34,40,43,20,23
31,13,32,178,76,44,25,33,21,26,21,29,35,22,13
32,28,30,160,64,44,24,28,19,29,25,38,49,23,26
33,16,39,143,53,41,24,25,19,32,23,33,57,26,31
34,28,20,120,48,33,18,21,10,16,22,22,52,29,23
35,17,30,85,32,18,17,18,20,22,24,29,39,24,15
36,26,20,121,50,28,19,24,15,23,23,30,61,31,30
37,17,30,125,52,30,15,28,24,25,26,30,42,24,18
38,16,30,137,57,31,20,29,18,24,24,39,48,24,24
39,30,20,109,48,25,13,23,18,23,26,30,59,30,29
40,17,30,164,64,44,24,32,19,27,28,32,51,26,25
41,27,20,113,48,29,14,22,18,30,36,40,69,30,39
42,18,25,145,58,39,16,32,21,31,21,36,43,25,18
43,32,30,139,48,41,18,32,18,26,27,37,47,24,23
44,25,20,121,47,33,18,23,18,25,26,30,60,29,31
45,14,23,120,48,33,18,21,12,20,24,30,60,30,30
46,28,20,120,48,33,18,21,14,20,25,30,60,30,30
47,28,30,143,64,33,15,31,24,33,34,38,62,32,30
48,20,38,94,25,25,16,28,19,29,28,30,53,33,20
49,19,21,131,53,29,20,29,20,30,22,34,40,20,20
50,28,20,157,61,44,24,28,12,20,24,30,60,30,30
51,28,19,133,55,34,18,26,12,12,19,23,54,31,23
52,25,20,120,48,33,18,21,12,21,24,30,60,30,30
53,27,30,113,51,23,16,23,18,29,29,27,58,31,27
54,10,11,170,63,44,29,34,24,38,26,40,40,19,21
55,12,32,135,55,34,16,30,23,31,23,33,37,22,15
56,21,27,113,48,25,17,23,23,25,26,25,41,23,18
57,25,20,120,48,33,18,21,12,20,24,30,60,30,30
58,24,30,136,43,41,21,31,20,27,28,29,52,31,21
59,17,40,134,64,24,18,28,24,31,33,38,53,25,28
60,28,30,91,33,23,14,21,18,30,34,29,62,32,30
61,25,20,120,48,33,18,21,18,29,29,30,59,30,29
62,25,20,120,48,33,18,21,18,30,36,30,60,30,30
63,23,25,121,50,29,13,29,20,25,27,33,64,32,32
64,28,30,40,16,11,6,7,12,19,22,30,60,30,30
65,28,21,125,52,32,17,24,22,29,24,30,58,30,28
66,26,27,109,45,28,14,22,19,25,24,39,46,23,23
67,22,29,91,48,18,6,19,21,28,30,31,48,26,22
68,18,19,139,52,41,18,28,17,27,28,34,43,24,19
69,28,30,121,48,33,18,22,18,30,36,40,70,30,40
70,21,29,148,64,35,22,27,21,31,30,38,41,21,20
71,26,28,149,65,34,17,33,21,30,28,34,54,25,29
72,26,21,132,55,33,19,25,20,26,26,35,41,23,18
73,28,30,120,48,33,18,21,18,30,36,30,60,30,30
74,12,30,140,59,33,18,30,20,23,21,37,36,21,15
75,25,30,142,60,34,15,33,20,35,31,35,54,27,27
76,30,24,146,62,34,22,28,19,27,30,31,39,23,16
77,23,24,89,47,13,7,22,15,21,25,25,53,26,27
78,21,21,120,48,33,18,21,23,28,26,27,48,27,21
79,30,20,114,48,29,16,21,17,23,25,29,51,29,22
80,24,30,148,60,39,22,27,21,28,32,39,42,28,14
81,24,23,124,52,34,17,21,23,33,24,39,45,21,24
82,13,32,128,56,31,15,26,23,31,30,36,49,23,26
83,34,21,86,36,19,7,24,20,27,29,29,59,33,26
84,25,29,99,34,25,16,24,23,36,31,34,55,28,27
85,29,27,166,71,47,22,26,20,26,24,46,58,23,35
86,28,28,117,46,26,20,25,23,32,32,47,60,29,31
87,29,23,127,55,27,20,25,23,32,37,21,57,31,26
88,30,23,116,48,17,20,31,16,29,28,35,43,24,19
89,26,25,131,51,34,17,29,19,31,31,28,56,31,25
90,21,30,148,61,34,21,32,21,26,32,33,45,26,19
91,28,20,82,32,23,12,15,12,20,25,23,47,27,20
92,27,20,77,26,17,13,21,18,28,32,22,63,35,28
93,28,24,100,33,25,18,24,17,26,24,23,52,33,19
94,16,30,138,57,32,20,29,21,35,29,37,47,23,24
95,30,28,161,64,44,24,29,18,30,32,40,66,28,38
96,22,29,114,47,20,17,30,24,35,36,36,59,27,32
97,24,29,109,46,25,13,25,18,24,28,31,50,28,22
98,30,26,140,62,28,23,27,18,30,28,28,52,25,27
99,20,29,128,56,29,16,27,22,32,28,32,50,25,25
100,17,28,136,55,32,19,30,24,35,33,32,52,28,24
101,22,30,134,54,34,18,28,19,28,21,30,49,26,23
102,19,27,131,47,33,22,29,18,29,26,34,62,34,28
103,19,36,156,66,38,20,32,22,36,26,36,41,19,22
104,24,26,166,63,45,25,33,21,28,24,37,49,24,25
105,28,20,80,32,22,12,14,12,20,24,20,50,30,20
106,28,20,116,48,33,15,20,12,20,24,30,60,30,30
107,21,20,124,53,33,16,22,18,24,23,39,39,18,21
108,26,27,105,47,25,12,21,18,28,24,37,54,24,30
109,28,34,121,48,33,19,21,6,10,12,30,60,30,30
110,28,28,150,58,40,24,28,16,25,29,33,60,30,30
111,26,20,78,30,15,14,19,13,20,24,24,64,37,27
112,22,29,111,46,24,17,24,19,26,21,33,47,28,19
113,24,30,165,70,40,23,32,20,30,29,39,51,23,28
114,28,30,120,48,33,18,21,18,30,36,30,60,30,30
115,16,22,176,69,47,25,35,19,31,22,49,44,19,25
116,24,30,122,48,33,18,23,18,23,20,26,57,29,28
117,25,28,106,58,14,7,27,22,34,30,37,42,21,21
118,13,36,169,65,43,28,33,24,33,24,38,52,26,26
119,14,30,153,62,40,24,27,22,29,27,39,34,19,15
120,25,24,139,62,32,19,26,20,24,22,40,58,26,32
121,27,30,120,48,33,18,21,21,32,28,30,60,30,30
122,20,29,141,48,42,23,28,20,29,29,33,48,22,26
123,28,20,80,32,22,12,14,12,20,24,20,50,30,20
124,27,21,61,16,16,10,19,14,20,21,18,59,39,20
125,25,30,141,56,34,20,31,20,29,24,40,46,22,24
126,28,20,120,48,33,18,21,12,20,24,31,60,29,31
127,29,30,131,48,35,19,29,18,30,34,38,54,25,29
128,28,30,120,48,33,18,21,18,30,36,30,60,30,30
129,21,25,128,54,30,16,28,24,33,24,30,42,23,19
130,28,20,120,48,33,18,21,18,30,36,30,60,30,30
131,32,26,149,64,39,18,28,18,25,20,24,50,31,19
132,19,30,154,64,37,21,32,20,28,25,32,39,25,14
133,30,24,123,51,30,13,29,21,27,30,30,52,28,24
134,23,29,114,44,29,16,25,21,30,30,28,53,29,24
135,28,28,145,64,34,19,28,18,27,26,32,50,25,25
136,13,28,159,66,43,21,29,21,29,21,40,44,24,20
137,28,20,120,48,33,18,21,12,20,24,30,60,30,30
138,33,28,120,48,33,18,21,18,30,36,31,60,30,30
139,28,26,120,48,33,18,21,18,30,36,30,60,30,30
140,27,24,120,48,33,18,21,18,29,30,30,63,33,30
141,28,20,115,48,30,18,19,18,30,36,30,60,30,30
142,16,39,200,80,55,30,35,24,40,48,50,71,27,44
143,19,24,160,64,44,24,28,20,27,25,33,52,27,25
144,27,30,135,62,29,21,23,18,29,29,39,56,26,30
145,11,28,156,64,41,24,27,21,31,21,35,39,21,18
146,13,30,137,52,37,20,28,23,31,22,40,35,20,15
147,35,20,97,38,25,17,17,16,26,38,26,64,35,29
148,14,35,147,61,34,20,32,20,30,24,46,40,18,22
149,20,27,100,46,15,13,26,18,30,25,40,47,20,27
150,17,28,92,33,24,11,24,19,24,29,31,51,30,21
151,37,17,141,49,43,21,28,19,26,29,28,70,36,34
152,31,20,123,53,27,19,24,23,30,26,37,55,28,27
153,23,27,138,56,36,22,24,18,27,23,34,51,25,26
154,29,21,92,32,22,17,21,17,30,28,23,47,26,21
155,28,20,120,48,33,18,21,12,20,24,30,60,30,30
156,27,26,111,56,16,12,27,22,33,29,30,62,33,29
157,29,30,155,64,42,18,31,18,32,32,40,48,23,25
158,29,20,104,39,23,15,27,18,22,25,33,57,31,26
159,31,24,134,50,38,17,29,20,32,28,34,62,30,32
160,17,29,153,65,31,23,34,24,37,29,48,45,21,24
161,33,26,161,57,47,25,32,20,29,27,40,47,24,23
162,20,29,111,55,24,12,20,19,30,31,34,37,23,14
163,23,21,114,48,27,17,22,18,28,28,29,57,30,27
164,17,30,160,64,44,24,28,18,30,24,40,45,20,25
165,28,21,135,50,35,18,32,17,24,28,27,56,31,25
166,28,30,120,48,33,18,21,18,30,36,31,60,32,28
167,26,30,120,48,33,17,22,18,30,36,30,60,30,30
168,16,30,87,34,18,10,25,18,26,34,28,53,28,25
169,33,21,116,39,30,17,30,15,21,27,25,54,36,18
170,29,18,120,44,30,18,28,12,21,23,31,60,30,30
171,31,20,126,48,34,19,25,16,27,32,28,55,29,26
172,29,28,118,48,28,13,29,18,27,29,40,35,19,16
173,28,20,80,32,22,12,14,18,30,36,30,60,30,30
174,16,24,140,61,33,19,27,18,24,23,39,38,21,17
175,20,20,140,64,33,18,25,19,28,26,38,46,21,25
176,20,27,109,40,28,13,28,20,24,28,28,56,33,23
177,24,22,127,48,35,19,25,21,27,30,39,44,16,28
178,15,29,98,39,22,15,22,18,25,27,31,51,28,23
179,28,30,165,78,35,20,32,18,30,36,30,60,30,30
180,28,20,102,36,27,13,26,18,22,21,29,46,27,19
181,12,29,163,65,46,21,31,23,24,18,39,39,20,19
182,29,22,117,50,24,14,29,19,22,29,27,52,29,23
183,14,30,152,68,34,18,32,24,33,29,31,48,24,24
184,23,27,126,48,31,19,28,19,24,27,37,51,23,28
185,28,24,84,34,17,9,24,19,31,30,39,48,25,23
186,18,30,121,46,29,22,24,18,23,26,31,57,28,29
187,11,40,159,80,29,15,35,22,35,22,38,52,27,25
188,27,30,200,80,55,30,35,18,33,38,42,58,26,32
189,24,22,120,48,30,17,25,21,28,33,31,51,26,25
190,28,30,112,48,25,13,26,19,26,31,28,52,27,25
191,30,20,114,48,29,16,21,18,23,26,27,49,28,21
192,17,30,146,61,36,23,26,18,26,23,38,63,27,36
193,26,27,142,65,35,13,29,20,30,25,39,49,26,23
194,4,38,199,80,55,30,34,21,29,21,50,34,11,23
195,18,30,175,80,46,18,31,21,28,29,34,47,25,22
196,20,25,148,59,38,23,28,20,31,28,34,45,23,22
197,28,29,119,53,22,14,30,18,23,21,37,40,20,20
198,28,40,120,48,33,18,21,17,24,25,30,60,30,30
199,23,21,90,39,21,13,17,17,21,25,30,48,26,22
200,33,30,146,62,32,20,32,23,28,30,28,49,31,18
201,10,37,156,69,36,19,32,24,29,23,35,38,23,15
202,30,25,148,59,42,21,26,19,24,32,32,55,28,27
203,52,19,115,49,28,13,25,19,21,28,41,58,30,28
204,20,26,128,52,29,17,30,18,24,21,31,36,24,12
205,26,20,142,55,34,22,31,22,29,29,33,52,27,25
206,20,20,106,48,24,12,22,18,30,36,27,58,30,28
207,29,20,101,51,18,10,22,14,21,24,29,65,35,30
208,28,25,122,64,24,14,20,18,34,26,33,63,28,35
209,4,40,194,80,52,27,35,24,31,21,47,27,13,14
210,26,20,91,36,23,12,20,13,19,24,21,59,33,26
211,23,30,125,49,35,18,23,21,30,34,34,50,26,24
212,24,25,132,57,31,20,24,21,31,25,30,56,27,29
213,22,21,51,16,11,8,16,18,26,35,21,63,37,26
214,20,29,167,80,39,19,29,24,34,39,48,41,15,26
215,29,29,120,48,33,18,21,18,30,31,30,60,30,30
216,37,22,80,40,15,7,18,16,22,34,26,66,36,30
217,27,30,126,47,39,15,25,23,33,32,36,57,28,29
218,22,30,187,79,46,30,32,22,32,24,37,40,20,20
219,21,30,133,50,35,23,25,20,31,30,40,42,19,23
220,23,28,90,30,24,14,22,21,34,34,27,48,27,21
221,28,30,120,48,33,18,21,18,30,36,30,60,30,30
222,22,20,120,48,33,18,21,13,24,29,30,59,29,30
223,17,28,158,60,43,24,31,18,28,27,38,45,21,24
224,31,18,103,44,25,13,21,18,32,30,27,47,26,21
225,25,26,133,58,32,14,29,20,27,30,27,44,28,16
226,22,21,104,47,20,13,24,18,25,23,30,47,25,22
227,17,23,116,46,27,14,29,22,25,26,33,51,26,25
228,16,27,141,53,37,22,29,18,23,28,34,42,23,19
229,16,21,123,48,33,18,24,19,26,25,30,59,29,30
230,12,29,121,55,26,16,24,23,33,25,49,46,17,29
231,28,20,128,52,34,18,24,18,30,36,30,58,27,31
232,26,19,123,51,34,13,25,20,29,27,33,41,22,19
233,25,25,90,40,18,12,20,17,24,27,30,53,29,24
234,26,22,110,45,26,18,21,19,29,30,26,54,30,24
235,29,20,162,64,44,24,30,14,21,23,39,71,31,40
236,32,21,110,55,24,9,22,15,22,25,28,63,31,32
237,27,21,120,48,33,18,21,17,31,26,27,56,31,25
238,28,19,102,49,25,8,20,16,28,32,30,60,30,30
239,19,28,114,49,28,13,24,19,25,25,30,44,23,21
240,17,29,114,48,28,15,23,22,23,24,46,49,20,29
241,11,33,158,66,36,24,32,23,32,35,41,67,32,35
242,28,30,131,64,30,12,25,21,33,24,39,48,24,24
243,25,27,148,60,35,20,33,22,25,22,31,37,21,16
244,31,23,111,45,24,15,27,20,30,27,35,56,28,28
245,17,38,143,61,32,16,34,24,26,27,37,57,29,28
246,27,29,154,65,33,23,33,21,27,26,38,46,25,21
247,16,30,161,64,38,26,33,20,28,22,40,45,20,25
248,25,24,170,65,43,27,35,18,29,29,33,55,30,25
249,28,20,120,48,33,18,21,15,25,25,24,57,31,26
250,28,20,120,48,33,18,21,12,20,24,30,60,30,30
251,24,29,133,62,30,17,24,19,24,27,31,50,25,25
252,28,29,150,64,39,18,29,17,28,23,36,57,27,30
253,25,26,122,54,29,16,23,17,23,27,26,60,34,26
254,27,20,118,51,27,14,26,17,26,31,26,68,34,34
255,28,27,142,52,39,21,30,18,30,28,27,52,28,24
256,24,23,92,37,13,14,28,24,21,24,22,49,33,16
257,30,23,116,42,28,15,31,23,30,32,38,62,29,33
258,28,30,120,48,33,18,21,18,30,36,30,60,30,30
259,17,30,152,66,37,19,30,19,28,29,29,48,29,19
260,28,30,120,48,33,17,22,18,30,36,40,64,28,36
261,25,30,128,53,34,20,21,18,34,32,30,60,30,30
262,18,31,181,75,47,27,32,24,32,22,43,35,17,18
263,28,30,89,37,25,13,14,16,26,34,24,53,31,22
264,24,30,153,65,38,18,32,18,28,27,34,53,26,27
265,25,30,140,58,30,21,31,21,32,32,38,51,26,25
266,20,27,117,41,32,15,29,20,29,25,28,54,30,24
267,32,29,104,50,20,13,21,19,29,33,36,63,30,33
268,25,26,122,48,33,17,24,17,26,26,30,58,31,27
269,28,20,120,48,33,18,21,12,20,24,30,60,30,30
270,24,27,155,64,37,23,31,20,29,29,33,56,28,28
271,28,20,122,48,33,19,22,12,20,24,30,54,28,26
272,31,23,131,53,34,18,26,18,27,28,30,55,29,26
273,23,29,90,35,20,17,18,18,27,23,38,56,30,26
274,23,21,109,43,26,18,22,21,32,30,30,60,30,30
275,20,30,121,48,33,18,22,18,30,36,30,60,30,30
276,28,20,111,40,32,18,21,18,28,33,28,62,31,31
277,6,31,114,54,15,20,25,22,33,28,50,46,18,28
278,29,20,122,49,28,20,25,18,27,29,32,52,26,26
279,28,20,120,48,33,18,21,12,20,24,30,60,30,30
280,22,27,154,68,34,18,34,20,24,22,43,41,22,19
281,28,20,47,19,11,6,11,13,14,27,30,60,30,30
282,18,28,115,54,27,9,25,24,36,31,30,46,25,21
283,21,28,108,48,24,16,20,20,28,27,30,60,30,30
284,26,30,125,48,33,18,26,18,29,33,30,60,30,30
285,16,30,128,50,35,18,25,23,31,30,38,49,24,25
286,39,14,47,17,11,7,12,11,19,21,10,74,50,24
287,28,29,152,64,38,21,29,20,30,29,37,47,24,23
288,28,20,120,48,33,18,21,12,20,24,30,60,30,30
289,24,23,131,53,35,18,25,21,30,29,20,70,40,30
290,26,30,160,64,44,24,28,20,32,37,30,58,29,29
291,28,23,102,43,17,11,31,20,29,28,31,58,33,25
292,18,28,130,46,40,18,26,24,31,25,42,31,15,16
293,29,31,88,25,26,16,21,15,19,28,18,56,36,20
294,26,25,136,61,26,15,34,23,33,25,42,50,24,26
295,13,33,119,59,20,15,25,23,35,31,39,45,20,25
296,28,40,160,60,40,28,32,24,32,23,37,42,19,23
297,20,25,118,41,32,19,26,20,29,23,35,58,26,32
298,28,30,120,48,33,18,21,18,29,36,30,60,30,30
299,29,20,120,48,33,18,21,12,17,26,20,50,30,20
300,24,25,147,61,39,18,29,20,29,21,31,68,34,34
301,19,28,122,52,26,17,27,21,29,24,39,46,22,24
302,33,21,112,42,33,13,24,18,23,31,31,60,32,28
303,20,27,136,51,38,17,30,18,28,24,30,49,25,24
304,28,20,120,48,33,18,21,18,30,36,29,60,30,30
305,31,20,101,40,25,12,24,17,26,32,11,54,35,19
306,29,40,200,80,55,30,35,21,30,25,38,54,28,26
307,19,23,97,47,18,7,25,21,26,23,36,46,26,20
308,13,30,144,60,37,18,29,24,31,26,45,28,15,13
309,29,30,160,64,44,24,28,17,27,32,34,47,21,26
310,23,27,80,26,17,14,23,22,23,21,22,52,29,23
311,16,27,132,53,33,19,27,22,34,24,39,46,22,24
312,16,31,120,48,33,18,21,18,30,36,30,60,30,30
313,37,22,166,70,42,23,31,18,17,28,34,41,23,18
314,11,34,146,61,32,21,32,24,28,21,44,37,18,19
315,31,21,118,46,33,18,21,18,29,35,30,60,30,30
316,16,38,157,75,37,15,30,24,34,28,47,38,17,21
317,22,32,120,48,33,18,21,23,36,28,30,59,29,30
318,27,32,138,55,30,24,29,17,23,32,45,39,20,19
319,24,20,120,48,33,18,21,12,20,24,30,60,30,30
320,25,23,140,57,34,21,28,19,27,30,32,56,30,26
321,28,21,134,53,36,15,30,21,29,25,14,62,36,26
322,35,23,109,48,24,14,23,18,19,26,28,53,35,18
323,19,21,125,50,31,17,27,17,23,18,36,32,17,15
324,27,24,69,33,14,8,14,18,24,27,28,52,32,20
325,30,30,121,48,34,18,21,18,30,36,33,60,28,32
326,29,30,132,48,38,16,30,19,28,35,30,60,29,31
327,28,20,120,48,33,18,21,18,30,36,30,60,30,30
328,28,20,114,48,29,13,24,19,29,35,30,60,30,30
329,30,20,109,45,24,15,25,14,20,30,30,60,30,30
330,28,30,158,64,42,24,28,18,30,36,40,70,30,40
331,37,20,102,45,21,14,22,18,24,28,20,69,41,28
332,16,34,171,76,36,25,34,22,32,25,47,37,16,21
333,27,20,113,45,27,18,23,15,23,25,30,52,28,24
334,15,39,162,71,42,19,30,23,33,23,42,43,22,21
335,17,28,139,62,32,17,28,18,29,25,37,41,22,19
336,21,27,111,49,25,14,23,19,28,25,26,44,25,19
337,28,20,120,48,33,18,21,17,30,33,30,60,30,30
338,17,29,122,48,33,18,23,20,26,22,34,49,24,25
339,7,30,165,70,42,21,32,24,33,32,38,48,24,24
340,24,20,123,48,32,18,25,18,28,25,30,49,26,23
341,28,30,120,48,33,18,21,18,30,36,30,60,30,30
342,17,30,87,34,17,12,24,21,27,26,29,55,29,26
343,30,17,104,46,25,13,20,16,30,30,23,54,29,25
344,22,30,160,64,44,24,28,18,30,36,36,54,24,30
345,16,23,136,52,34,18,32,23,31,22,33,39,20,19
346,17,26,127,61,23,17,26,20,26,25,37,41,25,16
347,17,34,138,62,32,18,26,24,31,25,43,44,21,23
348,23,29,135,56,35,18,26,24,29,27,26,42,27,15
349,32,22,119,49,33,18,19,18,28,32,30,56,31,25
350,19,30,123,48,30,22,23,19,28,34,41,51,25,26
351,32,18,129,55,31,16,27,18,23,29,32,53,29,24
352,30,30,105,34,29,18,24,22,33,35,30,60,30,30
353,23,30,138,49,37,23,29,21,28,29,40,52,25,27
354,39,18,112,54,25,9,24,19,34,42,25,55,30,25
355,19,29,149,62,34,22,31,21,29,22,23,44,27,17
356,18,30,137,57,33,17,30,21,25,22,40,53,27,26
357,26,38,200,80,55,30,35,19,28,36,35,59,31,28
358,28,20,124,50,28,20,26,12,20,23,28,49,27,22
359,12,24,157,64,44,21,28,20,29,24,18,47,29,18
360,19,27,130,47,33,18,32,20,26,23,31,58,30,28
361,11,40,200,80,55,30,35,24,40,48,50,80,30,50
362,24,30,125,53,33,18,21,15,24,33,30,60,30,30
363,10,30,131,60,27,15,29,22,26,19,39,34,17,17
364,12,24,139,60,33,20,26,22,32,25,32,46,23,23
365,26,29,126,48,32,18,28,19,27,23,29,56,30,26
366,21,31,148,64,36,19,29,21,38,38,37,45,23,22
367,8,31,177,75,42,25,35,24,35,26,33,35,20,15
368,18,28,159,64,36,30,29,18,25,26,30,60,30,30
369,23,20,120,48,33,18,21,20,30,32,30,60,30,30
370,29,30,102,47,24,13,18,18,30,30,30,53,29,24
371,28,22,118,48,30,18,22,18,24,27,30,60,30,30
372,15,30,153,65,37,23,28,18,27,26,32,48,27,21
373,26,25,112,55,21,9,27,19,25,30,28,52,28,24
374,28,21,92,37,22,16,17,12,20,24,30,60,30,30
375,24,35,172,73,45,23,31,23,32,35,40,41,26,15
376,30,22,125,57,25,14,29,20,27,25,25,58,30,28
377,28,20,120,48,33,18,21,18,30,36,30,60,30,30
378,28,20,120,48,33,18,21,18,27,26,26,53,28,25
379,31,20,122,48,25,18,31,16,24,29,20,52,32,20
380,25,26,157,68,38,21,30,24,27,23,33,47,24,23
381,21,27,124,52,33,14,25,18,24,26,32,48,22,26
382,34,20,96,48,17,12,19,18,25,28,19,56,34,22
383,26,33,128,54,32,15,27,22,30,24,30,59,32,27
384,20,30,124,52,26,17,29,22,27,26,32,46,25,21
385,17,28,134,49,35,19,31,22,32,31,38,49,24,25
386,16,28,120,48,33,18,21,19,25,24,30,48,26,22
387,7,40,149,65,29,25,30,22,29,24,41,35,22,13
388,22,24,105,44,23,10,28,20,25,30,39,47,23,24
389,30,20,111,48,32,12,19,12,20,24,30,63,31,32
390,28,30,120,48,33,18,21,18,30,36,33,64,31,33
391,19,28,154,64,42,19,29,21,27,22,30,39,21,18
392,28,20,80,32,22,12,14,12,20,24,17,51,30,21
393,18,30,163,80,33,19,31,18,32,28,40,48,20,28
394,26,30,137,54,40,14,29,21,28,28,33,58,28,30
395,27,20,122,54,27,17,24,13,19,24,26,49,30,19
396,19,26,121,54,26,16,25,21,31,24,31,51,26,25
397,25,30,100,48,26,6,20,20,26,30,32,48,25,23
398,29,27,125,48,35,18,24,18,30,36,37,67,29,38
399,18,30,133,57,29,21,26,22,28,29,20,53,28,25
400,28,30,160,64,44,24,28,18,30,36,40,70,30,40
401,33,27,132,55,31,17,29,20,31,33,23,56,32,24
402,29,14,95,42,23,13,17,15,23,26,31,61,31,30
403,27,20,110,46,25,19,20,19,29,31,30,59,28,31
404,28,20,122,48,30,21,23,23,35,28,32,54,28,26
405,24,26,137,56,28,22,31,18,30,32,35,55,29,26
406,14,37,134,52,32,17,33,21,32,28,39,43,23,20
407,28,30,120,48,33,18,21,18,30,36,30,57,28,29
408,21,31,125,54,33,14,24,22,32,31,37,53,26,27
409,24,30,126,47,30,20,29,24,34,30,26,53,33,20
410,22,32,95,41,23,13,18,23,30,32,26,57,33,24
411,25,20,118,48,33,18,19,12,21,24,30,60,30,30
412,12,40,137,58,33,18,28,23,35,28,30,41,22,19
413,34,30,122,46,31,22,23,17,25,31,38,60,28,32
414,25,26,123,48,33,19,23,18,29,31,30,60,30,30
415,18,30,124,51,33,18,22,24,32,32,40,50,24,26
416,28,30,160,64,44,24,28,18,30,36,40,70,30,40
417,31,30,114,48,29,10,27,18,31,36,39,59,26,33
418,19,20,105,36,29,15,25,18,26,28,20,57,35,22
419,31,24,84,35,17,8,24,15,23,28,28,58,33,25
420,12,33,166,71,43,20,32,21,31,31,36,39,22,17
421,17,30,134,60,31,17,26,21,30,32,40,67,26,41
422,27,16,109,48,21,14,26,19,22,28,26,59,32,27
423,26,26,110,48,23,14,25,19,27,18,29,48,27,21
424,24,28,122,53,28,15,26,18,24,21,27,43,26,17
425,27,29,73,25,15,8,25,16,22,29,28,62,31,31
426,25,27,113,47,26,14,26,18,29,29,30,55,29,26
427,31,24,145,65,26,24,30,13,28,34,38,47,29,18
428,28,30,120,48,33,18,21,12,20,24,30,60,30,30
429,27,30,136,53,36,22,25,19,30,36,38,69,31,38
430,28,20,111,45,27,17,22,18,25,26,30,60,30,30
431,18,27,141,58,36,18,29,21,25,24,37,46,24,22
432,20,38,160,64,44,24,28,18,30,36,38,44,20,24
433,14,26,136,53,36,18,29,19,28,26,37,55,25,30
434,11,30,141,57,33,20,31,24,35,20,40,43,21,22
435,5,39,125,46,34,17,28,22,28,27,39,52,24,28
436,10,31,136,57,34,17,28,22,28,22,40,36,18,18
437,14,35,115,47,24,14,30,23,38,34,22,52,29,23
438,28,29,149,60,36,24,29,21,27,29,27,51,28,23
439,27,23,133,56,33,18,26,24,32,25,32,58,32,26
440,28,22,120,48,33,18,21,15,19,25,30,60,30,30
441,27,20,80,32,22,12,14,12,20,24,20,50,30,20
442,18,30,146,62,35,23,26,20,27,23,39,52,23,29
443,26,23,116,48,26,18,24,18,28,29,33,59,29,30
444,6,33,184,72,47,30,35,23,33,18,50,32,18,14
445,14,28,126,57,24,15,30,18,24,26,34,44,31,13
446,22,22,142,59,37,18,28,17,27,27,29,54,28,26
447,32,17,86,40,15,8,23,18,25,24,29,44,28,16
448,22,22,55,16,12,6,21,22,31,27,26,54,29,25
449,26,26,123,46,30,18,29,19,30,29,31,53,30,23
450,28,20,160,64,44,24,28,12,20,24,38,69,30,39
451,28,40,200,80,55,30,35,24,37,26,50,33,10,23
452,29,40,200,80,55,30,35,24,32,32,50,25,10,15
453,19,30,160,64,44,24,28,18,26,30,39,70,30,40
454,12,29,146,64,36,19,27,24,33,24,46,31,14,17
455,16,30,70,25,12,9,24,24,33,24,30,59,29,30
456,18,30,160,64,44,24,28,18,28,36,40,46,24,22
457,28,20,80,32,22,12,14,12,20,24,20,49,29,20
458,17,35,145,58,35,19,33,22,30,23,40,61,33,28
459,25,30,101,45,19,10,27,19,29,31,23,56,27,29
460,30,26,148,64,37,21,26,21,31,31,42,57,29,28
461,8,20,200,80,55,30,35,12,20,24,49,50,22,28
462,22,26,148,58,41,20,29,18,27,22,22,52,31,21
463,24,19,120,48,33,18,21,19,25,28,30,60,30,30
464,23,20,106,44,24,15,23,18,26,25,27,49,26,23
465,17,30,156,60,44,24,28,18,30,36,40,70,30,40
466,22,30,105,46,23,14,22,19,26,26,29,60,31,29
467,33,30,140,53,34,24,29,16,23,27,34,63,32,31
468,25,20,99,36,23,19,21,18,27,32,30,60,30,30
469,28,17,106,42,27,15,22,17,29,27,31,57,27,30
470,19,20,120,48,33,18,21,18,25,24,23,51,27,24
471,10,25,130,63,18,18,31,19,26,28,36,43,25,18
472,25,31,139,56,33,20,30,18,25,27,33,57,27,30
473,26,20,95,42,23,13,17,15,21,22,28,49,29,20
474,15,27,126,47,34,18,27,24,32,27,47,34,15,19
475,30,30,89,34,23,10,22,19,20,40,21,86,42,44
476,33,15,110,46,26,17,21,20,28,32,25,59,33,26
